<?xml version="1.0" encoding="UTF-8"?>
<project-private xmlns="http://www.netbeans.org/ns/project-private/1">
    <editor-bookmarks xmlns="http://www.netbeans.org/ns/editor-bookmarks/2" lastBookmarkId="0"/>
    <open-files xmlns="http://www.netbeans.org/ns/projectui-open-files/2">
        <group>
            <file>file:/G:/Arif/Library_management/src/Library/Author.java</file>
            <file>file:/G:/Arif/Library_management/src/Library/Member.java</file>
            <file>file:/G:/Arif/Library_management/src/Library/lendbook.java</file>
            <file>file:/G:/Arif/Library_management/src/Library/Book.java</file>
        </group>
    </open-files>
</project-private>
